temperature,humidity,crop_type,storage_days,spoilage_days
24,39,tomato,7,3
35,62,tomato,10,12
19,69,tomato,5,6
32,47,tomato,5,6
21,64,tomato,14,11
21,38,tomato,3,9
32,56,tomato,14,11
15,38,tomato,6,12
29,61,tomato,10,6
27,64,tomato,12,9
19,63,tomato,12,5
29,51,tomato,7,4
22,30,tomato,7,4
31,51,tomato,10,2
24,68,tomato,9,7
33,53,tomato,5,4
18,40,tomato,10,9
22,48,tomato,14,10
16,71,tomato,13,10
29,56,tomato,9,12
16,77,tomato,12,4
27,55,tomato,14,9
24,50,tomato,5,6
24,54,tomato,4,10
34,64,tomato,12,7
17,46,tomato,11,7
28,58,tomato,7,10
21,33,tomato,8,8
28,78,tomato,14,5
22,39,tomato,9,10
24,49,onion,6,2
16,56,onion,14,6
25,30,onion,3,3
15,32,onion,14,9
29,43,onion,11,11
30,38,onion,14,2
25,46,onion,9,9
25,52,onion,11,3
23,65,onion,6,10
17,37,onion,6,4
20,41,onion,3,3
15,36,onion,4,10
23,55,onion,9,10
20,70,onion,12,10
26,41,onion,6,12
20,78,onion,8,3
27,39,onion,5,11
28,61,onion,5,8
21,59,onion,13,7
19,69,onion,11,9
18,40,onion,7,4
16,31,onion,10,12
30,67,onion,5,10
24,79,onion,10,12
29,64,onion,10,9
34,73,onion,12,4
20,65,onion,6,10
35,75,onion,14,11
23,33,onion,5,6
33,63,onion,10,8
22,36,potato,9,3
23,66,potato,11,12
19,60,potato,11,2
29,39,potato,14,2
29,77,potato,12,11
30,64,potato,14,11
15,35,potato,14,9
26,41,potato,12,2
17,35,potato,12,4
17,74,potato,14,5
27,42,potato,4,10
27,52,potato,8,3
17,71,potato,11,8
28,45,potato,14,3
18,52,potato,7,2
32,75,potato,4,5
32,32,potato,5,5
23,49,potato,11,8
30,68,potato,6,7
23,37,potato,14,5
24,59,potato,9,4
35,37,potato,7,5
19,47,potato,6,11
27,51,potato,12,3
15,45,potato,3,9
30,40,potato,14,2
19,30,potato,6,3
20,70,potato,9,8
33,43,potato,13,6
28,38,potato,10,3
31,74,carrot,4,12
17,54,carrot,3,2
24,67,carrot,10,7
31,56,carrot,4,10
31,58,carrot,9,11
18,31,carrot,8,7
35,49,carrot,4,3
28,71,carrot,8,7
18,70,carrot,3,2
22,80,carrot,3,11
15,50,carrot,3,4
33,70,carrot,4,6
17,71,carrot,8,11
25,51,carrot,3,9
24,52,carrot,13,4
33,58,carrot,8,7
22,31,carrot,11,8
15,70,carrot,14,12
21,78,carrot,6,9
19,34,carrot,11,8
20,38,carrot,6,9
31,43,carrot,11,2
27,44,carrot,14,8
28,44,carrot,10,5
25,78,carrot,13,2
16,71,carrot,4,9
19,50,carrot,6,9
34,37,carrot,4,8
26,41,carrot,11,12
33,54,carrot,4,9
18,61,spinach,12,6
28,39,spinach,6,10
32,73,spinach,11,7
28,61,spinach,8,12
35,55,spinach,12,12
31,51,spinach,4,3
19,53,spinach,7,7
34,68,spinach,10,8
26,74,spinach,3,5
23,64,spinach,11,7
33,70,spinach,8,3
22,65,spinach,6,11
17,42,spinach,7,4
33,49,spinach,4,12
27,66,spinach,8,4
16,78,spinach,14,12
28,59,spinach,13,10
21,64,spinach,5,11
21,30,spinach,10,10
27,61,spinach,6,11
19,48,spinach,12,6
21,39,spinach,11,12
20,30,spinach,14,10
17,66,spinach,11,5
21,40,spinach,13,10
25,30,spinach,7,10
25,57,spinach,12,10
20,63,spinach,11,4
18,45,spinach,9,12
19,52,spinach,3,8
31,67,broccoli,12,2
34,75,broccoli,5,12
17,34,broccoli,12,4
28,38,broccoli,9,10
31,78,broccoli,4,12
21,72,broccoli,13,2
28,37,broccoli,12,7
20,60,broccoli,14,4
33,71,broccoli,8,2
22,43,broccoli,7,3
22,54,broccoli,12,10
24,53,broccoli,10,8
23,36,broccoli,5,9
26,79,broccoli,10,4
31,65,broccoli,14,8
21,33,broccoli,14,12
34,45,broccoli,5,2
16,52,broccoli,10,12
34,51,broccoli,8,8
17,73,broccoli,11,12
27,36,broccoli,5,5
18,58,broccoli,8,6
32,32,broccoli,9,9
20,75,broccoli,11,5
17,56,broccoli,8,12
30,73,broccoli,3,5
28,71,broccoli,5,3
29,38,broccoli,11,11
26,33,broccoli,12,6
31,45,broccoli,5,9
31,57,cabbage,10,4
24,48,cabbage,10,9
35,45,cabbage,11,8
26,69,cabbage,5,2
24,52,cabbage,8,9
17,66,cabbage,13,2
23,69,cabbage,11,2
19,50,cabbage,4,2
35,50,cabbage,11,9
20,66,cabbage,10,8
29,70,cabbage,5,12
31,39,cabbage,3,4
22,62,cabbage,11,2
27,31,cabbage,3,11
33,45,cabbage,8,11
19,75,cabbage,4,8
21,36,cabbage,8,11
15,54,cabbage,3,7
31,47,cabbage,11,2
35,67,cabbage,14,10
17,47,cabbage,7,9
30,61,cabbage,5,12
35,69,cabbage,10,7
27,80,cabbage,3,3
30,68,cabbage,6,3
33,68,cabbage,10,11
31,59,cabbage,3,3
28,51,cabbage,14,12
27,41,cabbage,6,6
30,31,cabbage,9,11
28,45,cucumber,6,5
35,80,cucumber,11,6
19,58,cucumber,3,9
23,74,cucumber,11,7
34,33,cucumber,8,5
29,32,cucumber,3,10
18,66,cucumber,4,4
19,47,cucumber,8,4
35,61,cucumber,5,11
29,50,cucumber,6,7
22,63,cucumber,3,6
27,35,cucumber,9,10
19,63,cucumber,3,3
22,79,cucumber,9,9
30,37,cucumber,11,10
28,33,cucumber,7,7
15,61,cucumber,11,11
15,48,cucumber,7,9
24,41,cucumber,5,2
33,69,cucumber,9,7
22,42,cucumber,5,10
23,71,cucumber,9,6
22,64,cucumber,14,12
23,70,cucumber,9,9
29,48,cucumber,4,12
24,78,cucumber,4,12
24,64,cucumber,11,6
26,39,cucumber,12,5
25,47,cucumber,11,5
25,68,cucumber,6,11
18,44,capsicum,9,7
25,79,capsicum,5,2
31,41,capsicum,12,11
19,40,capsicum,11,11
24,73,capsicum,10,3
29,30,capsicum,4,6
20,72,capsicum,11,4
17,51,capsicum,11,9
25,63,capsicum,9,8
27,75,capsicum,12,10
26,44,capsicum,13,3
28,58,capsicum,14,2
32,49,capsicum,11,12
34,76,capsicum,11,8
16,38,capsicum,5,12
32,45,capsicum,8,2
32,62,capsicum,9,2
25,77,capsicum,13,7
29,79,capsicum,10,3
28,47,capsicum,5,10
32,42,capsicum,9,10
23,63,capsicum,13,7
21,32,capsicum,14,10
33,65,capsicum,4,3
18,75,capsicum,3,3
22,47,capsicum,5,12
20,55,capsicum,8,10
16,50,capsicum,3,9
16,66,capsicum,7,5
23,55,capsicum,7,12
21,65,apple,12,6
23,73,apple,12,7
25,61,apple,13,11
35,62,apple,8,3
28,45,apple,6,11
33,76,apple,8,10
35,66,apple,9,12
33,30,apple,7,10
32,61,apple,8,2
31,58,apple,10,9
15,47,apple,6,4
35,59,apple,8,7
35,56,apple,12,2
25,31,apple,11,10
32,74,apple,14,9
33,49,apple,6,3
15,56,apple,3,10
33,32,apple,13,7
15,49,apple,12,12
31,32,apple,5,11
27,74,apple,14,12
22,40,apple,4,6
23,57,apple,5,4
16,80,apple,5,5
23,63,apple,7,10
15,36,apple,4,8
28,47,apple,5,11
29,56,apple,3,7
15,73,apple,12,4
32,40,apple,12,2
29,59,banana,12,5
31,57,banana,13,12
33,39,banana,4,8
15,78,banana,10,10
15,62,banana,11,11
33,59,banana,12,12
19,36,banana,7,9
34,55,banana,8,2
29,73,banana,3,6
23,65,banana,4,4
28,31,banana,9,11
17,41,banana,6,3
17,63,banana,12,2
17,74,banana,10,11
15,32,banana,10,10
26,36,banana,3,12
31,69,banana,5,7
29,64,banana,10,11
34,35,banana,7,3
17,32,banana,4,5
35,61,banana,4,5
16,34,banana,10,10
29,39,banana,14,3
34,76,banana,5,3
34,75,banana,10,12
23,37,banana,5,5
28,41,banana,14,11
26,56,banana,3,12
23,79,banana,13,6
25,72,banana,4,12
25,47,grape,10,5
28,65,grape,12,3
22,31,grape,4,9
26,56,grape,3,4
33,51,grape,11,7
31,33,grape,9,4
22,64,grape,5,7
32,47,grape,5,11
26,73,grape,5,6
25,74,grape,4,10
22,56,grape,13,5
16,74,grape,4,10
15,80,grape,8,12
28,37,grape,12,3
34,58,grape,3,5
27,32,grape,10,7
27,61,grape,4,6
31,54,grape,6,12
21,46,grape,9,2
19,59,grape,3,8
30,49,grape,12,5
28,57,grape,10,10
20,73,grape,6,4
18,80,grape,3,10
16,77,grape,14,11
23,37,grape,7,11
21,48,grape,8,8
17,77,grape,9,7
35,71,grape,9,9
16,32,grape,11,5
17,48,orange,11,12
19,57,orange,6,8
29,43,orange,6,6
33,35,orange,13,5
34,34,orange,3,9
27,80,orange,13,12
25,51,orange,3,4
15,55,orange,7,9
32,43,orange,11,6
15,75,orange,13,12
20,57,orange,14,5
18,73,orange,10,10
21,80,orange,14,11
15,79,orange,4,10
18,61,orange,7,8
17,67,orange,6,6
26,31,orange,4,2
16,33,orange,10,3
20,36,orange,10,12
28,40,orange,12,4
35,55,orange,14,11
20,32,orange,6,4
23,67,orange,7,12
34,72,orange,3,11
16,60,orange,11,4
21,31,orange,10,5
19,78,orange,6,11
26,52,orange,10,6
27,44,orange,11,12
26,42,orange,11,8
27,55,mango,12,10
27,32,mango,7,12
34,51,mango,3,8
30,36,mango,12,4
20,75,mango,7,6
20,68,mango,14,10
17,62,mango,5,9
28,37,mango,6,9
27,58,mango,11,10
28,30,mango,5,7
30,55,mango,4,12
26,32,mango,3,2
19,61,mango,11,11
24,64,mango,8,10
23,79,mango,5,9
26,69,mango,8,8
19,45,mango,6,2
27,59,mango,8,10
28,73,mango,6,4
28,63,mango,9,12
24,45,mango,11,2
26,51,mango,11,3
17,75,mango,14,3
26,47,mango,5,7
17,42,mango,8,2
31,62,mango,3,2
30,72,mango,7,2
31,47,mango,8,10
24,41,mango,5,11
27,71,mango,9,9
33,43,strawberry,12,12
27,38,strawberry,10,9
28,57,strawberry,8,3
33,74,strawberry,9,3
20,59,strawberry,6,12
16,66,strawberry,14,4
34,45,strawberry,4,7
30,49,strawberry,12,12
26,49,strawberry,11,10
21,79,strawberry,5,11
17,66,strawberry,13,10
23,61,strawberry,6,2
31,61,strawberry,13,5
16,77,strawberry,3,2
16,47,strawberry,11,7
35,31,strawberry,3,8
35,71,strawberry,14,9
23,51,strawberry,7,11
19,56,strawberry,11,8
18,69,strawberry,11,11
23,57,strawberry,13,9
17,74,strawberry,10,12
23,75,strawberry,14,12
18,43,strawberry,3,3
28,55,strawberry,4,8
30,70,strawberry,5,9
24,63,strawberry,13,6
19,39,strawberry,11,2
26,63,strawberry,13,6
35,72,strawberry,11,8
26,56,watermelon,10,12
35,75,watermelon,12,5
21,37,watermelon,7,3
27,35,watermelon,4,12
31,57,watermelon,6,7
22,78,watermelon,6,8
28,73,watermelon,9,10
19,72,watermelon,10,6
20,38,watermelon,8,9
19,80,watermelon,7,2
25,35,watermelon,5,3
17,79,watermelon,14,5
17,77,watermelon,8,3
30,60,watermelon,4,3
20,70,watermelon,5,9
32,79,watermelon,14,10
19,36,watermelon,11,7
22,56,watermelon,4,5
29,77,watermelon,9,11
29,57,watermelon,8,12
29,42,watermelon,14,4
25,44,watermelon,10,5
17,62,watermelon,11,10
29,53,watermelon,4,9
34,48,watermelon,11,4
32,36,watermelon,10,7
23,31,watermelon,14,12
30,35,watermelon,8,12
25,62,watermelon,10,3
35,53,watermelon,4,11
32,53,papaya,6,11
35,71,papaya,8,2
32,31,papaya,13,8
21,77,papaya,6,12
17,72,papaya,13,11
24,55,papaya,11,7
19,79,papaya,6,2
15,37,papaya,4,11
34,61,papaya,10,7
33,31,papaya,13,3
15,39,papaya,13,9
26,66,papaya,8,11
20,47,papaya,9,8
21,59,papaya,8,6
18,56,papaya,13,9
28,56,papaya,13,6
15,33,papaya,9,5
17,47,papaya,9,11
34,59,papaya,12,11
17,47,papaya,13,11
19,34,papaya,9,2
35,59,papaya,5,4
15,41,papaya,12,4
29,79,papaya,12,6
17,68,papaya,6,3
21,51,papaya,3,8
27,47,papaya,8,6
19,57,papaya,14,8
16,41,papaya,8,6
23,63,papaya,3,10
16,74,pear,11,3
20,73,pear,8,3
19,35,pear,12,12
31,67,pear,6,4
33,49,pear,6,10
18,35,pear,9,3
23,76,pear,10,3
30,61,pear,8,3
29,80,pear,9,7
26,54,pear,3,4
18,54,pear,13,4
25,39,pear,6,7
23,30,pear,6,12
15,56,pear,11,5
20,56,pear,14,2
15,56,pear,10,8
24,69,pear,9,4
24,78,pear,4,9
26,53,pear,11,11
20,38,pear,8,6
32,54,pear,9,8
21,53,pear,13,9
20,48,pear,3,4
32,76,pear,14,2
35,74,pear,12,12
28,70,pear,8,4
22,47,pear,8,6
23,79,pear,8,7
16,43,pear,4,12
33,47,pear,14,6
17,40,rice,11,12
20,51,rice,3,10
31,52,rice,4,9
26,73,rice,6,12
19,60,rice,13,6
22,41,rice,11,2
33,65,rice,5,11
18,35,rice,9,11
15,42,rice,12,12
26,59,rice,5,10
19,31,rice,12,10
30,65,rice,6,9
32,32,rice,6,7
19,49,rice,8,3
22,44,rice,14,12
25,48,rice,6,10
25,49,rice,8,6
34,78,rice,11,4
16,35,rice,13,12
32,70,rice,8,10
20,36,rice,6,2
31,48,rice,7,3
16,45,rice,9,6
31,42,rice,7,10
23,49,rice,9,10
17,74,rice,14,4
18,67,rice,9,12
30,67,rice,7,8
27,41,rice,10,2
29,34,rice,3,10
19,76,wheat,4,11
15,78,wheat,9,12
23,61,wheat,9,8
17,58,wheat,7,6
27,45,wheat,12,4
27,73,wheat,10,4
31,37,wheat,12,11
31,58,wheat,5,3
28,59,wheat,12,8
22,52,wheat,9,10
22,30,wheat,5,12
28,44,wheat,14,9
31,66,wheat,13,10
20,74,wheat,8,7
22,43,wheat,4,9
30,53,wheat,13,3
18,48,wheat,11,8
26,32,wheat,3,2
25,70,wheat,10,7
32,73,wheat,11,6
17,66,wheat,3,9
25,38,wheat,5,12
32,32,wheat,7,5
34,45,wheat,10,8
33,53,wheat,10,8
25,38,wheat,4,6
29,45,wheat,5,2
24,80,wheat,3,2
26,42,wheat,14,11
22,32,wheat,8,10
29,51,barley,13,7
28,48,barley,9,10
29,39,barley,12,11
16,76,barley,4,2
31,63,barley,5,12
16,37,barley,8,10
22,40,barley,14,6
15,34,barley,9,9
33,31,barley,9,8
17,44,barley,4,7
27,31,barley,4,8
18,58,barley,11,8
28,54,barley,5,6
28,44,barley,5,5
27,34,barley,5,10
20,71,barley,6,7
25,31,barley,9,3
22,53,barley,5,7
24,58,barley,14,9
16,37,barley,6,10
27,67,barley,3,5
15,43,barley,11,9
17,60,barley,4,5
28,45,barley,10,10
33,53,barley,5,12
16,50,barley,10,8
20,35,barley,14,4
34,55,barley,8,4
17,33,barley,8,3
18,46,barley,5,5
24,37,corn,4,5
16,67,corn,4,8
32,77,corn,14,11
22,50,corn,11,4
28,80,corn,10,9
33,45,corn,5,7
30,65,corn,6,6
20,54,corn,8,5
25,66,corn,11,10
26,48,corn,11,6
29,52,corn,11,6
26,76,corn,10,8
30,56,corn,13,2
15,57,corn,10,3
27,73,corn,10,3
26,47,corn,9,10
21,66,corn,13,8
21,38,corn,4,5
31,72,corn,9,8
35,50,corn,7,5
34,31,corn,5,2
24,57,corn,9,6
22,40,corn,13,10
17,45,corn,8,5
20,64,corn,8,5
33,46,corn,4,8
17,31,corn,10,3
20,34,corn,4,7
18,32,corn,7,6
16,78,corn,8,12
28,44,mango,12,6
25,75,mango,10,4
34,73,mango,11,11
21,45,mango,11,11
28,32,mango,5,10
28,76,mango,7,11
22,67,mango,7,11
24,72,mango,7,7
34,78,mango,6,4
28,38,mango,9,2
31,68,mango,7,3
33,72,mango,13,3
33,78,mango,7,5
28,74,mango,13,12
35,36,mango,13,4
34,37,mango,5,2
27,35,mango,5,5
20,36,mango,7,3
34,75,mango,3,5
19,72,mango,7,5
15,33,mango,3,3
30,70,mango,6,9
25,46,mango,11,6
18,78,mango,5,4
25,48,mango,3,8
23,50,mango,13,10
20,32,mango,6,12
35,45,mango,8,6
24,55,mango,10,12
18,71,mango,11,9
31,43,pineapple,8,3
28,57,pineapple,3,3
15,42,pineapple,9,11
17,71,pineapple,5,7
20,63,pineapple,5,8
22,65,pineapple,4,3
24,79,pineapple,14,4
22,55,pineapple,11,9
17,77,pineapple,14,3
31,43,pineapple,6,12
29,75,pineapple,12,10
29,38,pineapple,10,2
15,43,pineapple,3,3
18,74,pineapple,7,4
33,76,pineapple,13,8
27,30,pineapple,8,9
25,41,pineapple,5,2
16,73,pineapple,7,4
31,41,pineapple,10,5
15,37,pineapple,3,4
23,62,pineapple,14,4
34,72,pineapple,10,6
34,76,pineapple,12,9
31,55,pineapple,6,11
20,49,pineapple,14,5
17,47,pineapple,9,8
24,76,pineapple,3,2
21,45,pineapple,8,7
32,77,pineapple,12,12
31,60,pineapple,13,2
34,70,avocado,10,4
23,31,avocado,10,4
18,43,avocado,10,8
28,37,avocado,5,10
15,52,avocado,13,7
23,49,avocado,4,2
18,58,avocado,13,3
30,64,avocado,12,10
27,70,avocado,4,3
28,71,avocado,13,12
23,40,avocado,8,8
32,67,avocado,7,8
34,54,avocado,5,9
32,59,avocado,11,7
30,53,avocado,6,3
29,55,avocado,13,2
21,58,avocado,7,9
16,47,avocado,8,9
25,78,avocado,9,9
26,58,avocado,13,11
27,78,avocado,3,11
21,41,avocado,12,10
24,73,avocado,7,12
29,64,avocado,12,10
23,72,avocado,14,2
15,40,avocado,9,7
23,60,avocado,3,11
23,66,avocado,9,6
25,38,avocado,7,5
21,58,avocado,14,9
25,52,cherry,8,8
21,78,cherry,7,5
34,43,cherry,11,2
22,33,cherry,11,9
20,35,cherry,12,5
21,63,cherry,12,10
15,79,cherry,11,6
28,47,cherry,12,4
30,79,cherry,5,6
23,56,cherry,7,5
32,37,cherry,11,6
28,70,cherry,4,9
20,46,cherry,3,3
26,44,cherry,12,6
26,44,cherry,5,2
29,56,cherry,10,6
19,40,cherry,6,8
31,39,cherry,4,2
34,67,cherry,5,8
16,67,cherry,8,10
15,79,cherry,11,8
35,79,cherry,5,11
35,66,cherry,9,4
19,35,cherry,7,9
20,38,cherry,3,9
16,70,cherry,7,7
34,53,cherry,13,3
26,52,cherry,5,7
33,54,cherry,11,11
20,55,cherry,3,2
22,42,peach,4,7
23,40,peach,7,6
30,75,peach,3,8
18,54,peach,14,3
30,53,peach,14,7
33,76,peach,7,7
28,44,peach,14,9
30,59,peach,11,2
29,65,peach,5,3
17,80,peach,7,10
31,39,peach,6,8
31,39,peach,12,7
21,47,peach,12,7
15,66,peach,12,8
21,48,peach,10,3
22,68,peach,3,9
20,58,peach,7,8
32,34,peach,13,11
29,62,peach,6,3
20,32,peach,9,12
19,59,peach,8,11
22,70,peach,13,3
24,74,peach,12,4
17,80,peach,5,5
30,34,peach,12,3
19,53,peach,9,6
15,35,peach,8,5
31,47,peach,11,5
18,31,peach,12,9
25,64,peach,9,11
33,58,plum,4,10
25,45,plum,8,9
18,63,plum,8,9
23,41,plum,11,2
33,70,plum,9,5
32,72,plum,13,12
35,66,plum,11,2
32,48,plum,11,6
34,31,plum,12,10
16,75,plum,6,6
28,74,plum,7,12
15,53,plum,11,9
20,75,plum,11,7
30,37,plum,8,2
34,48,plum,12,11
28,52,plum,10,6
21,36,plum,5,4
29,62,plum,14,6
15,51,plum,14,11
20,80,plum,6,10
32,47,plum,3,7
26,51,plum,11,6
27,69,plum,12,5
27,59,plum,9,7
32,51,plum,5,5
19,34,plum,8,7
25,63,plum,10,4
33,59,plum,9,7
29,30,plum,10,6
19,48,plum,5,9
17,59,coconut,14,11
31,47,coconut,10,6
30,66,coconut,4,3
24,77,coconut,4,8
28,75,coconut,11,3
32,56,coconut,5,10
19,35,coconut,7,2
24,64,coconut,13,10
20,67,coconut,14,4
32,51,coconut,4,6
23,61,coconut,10,7
34,53,coconut,3,8
21,67,coconut,3,11
16,38,coconut,12,4
34,61,coconut,9,11
28,49,coconut,11,4
32,74,coconut,6,12
24,53,coconut,10,3
24,42,coconut,3,2
23,63,coconut,3,8
32,70,coconut,6,10
16,55,coconut,6,12
24,80,coconut,11,3
27,66,coconut,14,3
16,68,coconut,7,5
22,74,coconut,14,9
32,74,coconut,10,3
31,59,coconut,3,9
29,43,coconut,8,5
21,46,coconut,11,11
22,63,tapioca,14,3
20,70,tapioca,5,4
22,62,tapioca,3,11
18,44,tapioca,3,12
26,72,tapioca,7,9
18,32,tapioca,7,11
27,69,tapioca,7,3
22,44,tapioca,6,12
20,35,tapioca,10,4
23,64,tapioca,11,6
18,35,tapioca,6,5
19,77,tapioca,3,11
15,75,tapioca,3,12
31,72,tapioca,7,2
27,37,tapioca,9,6
24,72,tapioca,12,7
33,73,tapioca,11,6
21,39,tapioca,10,4
24,68,tapioca,11,6
32,39,tapioca,12,8
28,30,tapioca,3,11
34,39,tapioca,4,9
20,70,tapioca,10,2
33,70,tapioca,8,9
25,68,tapioca,3,4
21,79,tapioca,6,12
29,31,tapioca,7,12
29,69,tapioca,5,9
35,79,tapioca,9,4
17,49,tapioca,14,7
31,41,chilli,10,3
29,74,chilli,14,4
31,71,chilli,9,5
23,61,chilli,14,11
20,66,chilli,11,6
17,69,chilli,12,7
27,48,chilli,7,12
22,76,chilli,10,4
15,62,chilli,6,9
20,39,chilli,6,5
27,55,chilli,4,3
22,67,chilli,7,2
34,36,chilli,10,10
32,37,chilli,7,7
20,39,chilli,14,11
32,68,chilli,4,8
33,79,chilli,6,4
32,35,chilli,7,5
20,68,chilli,13,12
16,54,chilli,10,5
34,42,chilli,4,4
35,70,chilli,13,11
15,64,chilli,7,4
24,79,chilli,3,5
22,67,chilli,13,7
15,66,chilli,12,9
16,53,chilli,13,8
32,33,chilli,4,9
15,70,chilli,13,9
21,48,chilli,3,6
21,47,ash gourd,7,10
30,32,ash gourd,10,4
28,39,ash gourd,10,9
26,53,ash gourd,3,7
18,56,ash gourd,12,2
28,77,ash gourd,14,2
22,71,ash gourd,4,3
16,60,ash gourd,13,4
22,75,ash gourd,10,9
17,49,ash gourd,5,8
15,61,ash gourd,3,8
32,60,ash gourd,3,3
26,45,ash gourd,5,3
33,37,ash gourd,10,5
18,31,ash gourd,9,9
26,44,ash gourd,11,6
20,30,ash gourd,5,11
35,47,ash gourd,12,7
29,78,ash gourd,13,4
23,58,ash gourd,3,10
35,36,ash gourd,14,5
29,74,ash gourd,10,9
21,53,ash gourd,10,3
30,62,ash gourd,10,3
26,77,ash gourd,12,10
23,46,ash gourd,13,2
29,50,ash gourd,5,5
24,79,ash gourd,11,9
35,66,ash gourd,8,8
29,76,ash gourd,10,2
25,80,pumpkin,3,5
15,78,pumpkin,6,8
20,47,pumpkin,7,10
18,35,pumpkin,3,11
33,42,pumpkin,3,3
35,56,pumpkin,5,7
35,64,pumpkin,10,4
18,52,pumpkin,14,9
17,68,pumpkin,11,6
29,45,pumpkin,13,11
19,40,pumpkin,8,11
31,54,pumpkin,9,11
34,66,pumpkin,12,6
23,62,pumpkin,10,3
22,31,pumpkin,9,7
35,33,pumpkin,11,9
24,32,pumpkin,9,9
32,76,pumpkin,12,12
24,34,pumpkin,11,2
31,53,pumpkin,4,4
28,68,pumpkin,13,12
30,38,pumpkin,9,5
23,64,pumpkin,14,5
18,34,pumpkin,11,7
16,67,pumpkin,3,11
19,48,pumpkin,4,7
32,76,pumpkin,7,12
33,60,pumpkin,3,3
19,67,pumpkin,12,6
29,48,pumpkin,10,9
18,38,brinjal,4,9
19,31,brinjal,9,11
33,30,brinjal,7,8
24,70,brinjal,13,7
21,57,brinjal,14,6
25,64,brinjal,3,11
27,35,brinjal,14,12
19,30,brinjal,12,5
34,66,brinjal,5,3
24,30,brinjal,8,8
25,59,brinjal,14,2
32,48,brinjal,14,6
32,59,brinjal,11,10
19,38,brinjal,3,3
33,32,brinjal,11,9
17,73,brinjal,5,9
31,34,brinjal,5,10
25,36,brinjal,6,5
32,65,brinjal,6,5
22,50,brinjal,13,10
35,64,brinjal,4,3
32,61,brinjal,9,6
22,60,brinjal,9,6
24,42,brinjal,11,8
35,61,brinjal,9,5
24,60,brinjal,9,8
23,72,brinjal,8,12
20,72,brinjal,14,3
15,36,brinjal,9,2
32,32,brinjal,5,6
32,54,cauliflower,8,6
31,76,cauliflower,9,6
22,48,cauliflower,11,8
32,55,cauliflower,6,12
33,37,cauliflower,11,12
30,59,cauliflower,6,2
33,69,cauliflower,11,2
28,55,cauliflower,8,8
29,36,cauliflower,3,7
16,55,cauliflower,8,3
29,72,cauliflower,9,12
28,73,cauliflower,10,9
20,37,cauliflower,12,5
31,52,cauliflower,9,3
30,59,cauliflower,5,7
32,36,cauliflower,11,6
30,30,cauliflower,8,8
29,32,cauliflower,4,10
34,74,cauliflower,5,12
30,50,cauliflower,14,5
21,51,cauliflower,4,2
22,71,cauliflower,7,3
24,79,cauliflower,13,9
31,32,cauliflower,5,2
16,54,cauliflower,7,12
19,36,cauliflower,9,11
19,68,cauliflower,6,5
19,36,cauliflower,8,10
28,58,cauliflower,4,4
27,62,cauliflower,14,9
23,77,bitter gourd,8,8
34,43,bitter gourd,3,8
22,70,bitter gourd,9,10
15,39,bitter gourd,9,2
34,47,bitter gourd,13,4
26,80,bitter gourd,3,7
28,52,bitter gourd,9,2
33,56,bitter gourd,13,8
16,41,bitter gourd,8,2
32,42,bitter gourd,4,11
16,44,bitter gourd,5,8
16,44,bitter gourd,5,9
30,69,bitter gourd,6,6
28,44,bitter gourd,3,4
21,59,bitter gourd,7,9
15,67,bitter gourd,9,7
28,55,bitter gourd,8,4
29,31,bitter gourd,5,12
23,54,bitter gourd,12,7
28,60,bitter gourd,5,9
20,58,bitter gourd,4,5
34,77,bitter gourd,14,8
21,76,bitter gourd,12,5
28,49,bitter gourd,10,2
34,76,bitter gourd,6,6
17,54,bitter gourd,4,10
29,36,bitter gourd,7,10
28,38,bitter gourd,10,8
31,61,bitter gourd,4,6
16,30,bitter gourd,9,8
28,66,alfalfa,8,11
16,36,amaranth,11,10
35,62,basil,9,4
21,59,beetroot,13,15
27,72,black gram,11,7
33,41,blueberry,3,4
20,35,bottle gourd,19,6
18,71,buckwheat,10,13
34,40,cassava,9,3
37,80,celery,9,11
30,65,chickpea,8,7
34,73,cilantro,10,14
37,36,clover,8,2
15,76,coffee,9,15
17,60,cotton,13,5
39,35,dates,15,4
16,42,dragon fruit,14,15
21,76,eggplant,14,2
23,57,fig,13,9
25,80,flax,9,5
35,43,garlic,17,9
25,35,ginger,12,12
26,75,green gram,11,14
18,45,guava,15,5
24,61,jalapeno,18,7
26,32,jute,4,6
25,48,kidney bean,10,15
27,54,kiwi,16,14
34,36,leek,17,2
28,34,lemongrass,3,13
36,63,lettuce,15,5
35,65,millet,6,15
31,65,mint,18,3
28,69,mustard,18,8
16,72,nutmeg,5,4
36,59,okra,3,3
20,51,olive,19,15
39,34,parsley,5,4
22,56,pea,10,10
23,45,peanut,11,8
18,52,pistachio,4,8
28,70,quinoa,18,9
34,42,radish,7,13
39,46,raspberry,3,14
30,36,red gram,8,8
19,46,rose apple,15,14
27,49,saffron,7,7
38,64,soybean,6,10
29,34,sugarcane,11,2
22,55,sweet potato,7,2
26,46,tea,11,11
37,31,turnip,14,15
23,46,vanilla,9,3
31,75,walnut,15,4
30,65,yam,12,10
29,62,pepper,20,20
24,78,pepper,13,10
26,61,pepper,12,4
28,68,pepper,27,10
30,72,pepper,15,7
20,80,pepper,8,16
28,81,pepper,10,3
32,61,pepper,14,7
29,56,pepper,24,7
29,89,pepper,23,6
28,71,pepper,9,19
28,69,pepper,19,5
29,52,pepper,30,12
34,83,pepper,27,15
32,53,pepper,29,20
23,62,pepper,10,12
24,86,pepper,15,2
28,89,pepper,23,20
34,77,pepper,9,8
24,56,pepper,15,9
21,58,pepper,19,8
24,77,pepper,16,9
29,86,pepper,15,14
30,72,pepper,23,3
32,90,pepper,13,6
27,66,pepper,7,2
27,61,pepper,5,4
25,78,pepper,18,3
35,86,pepper,29,17
24,85,pepper,10,20
28,69,cardamom,21,11
34,61,cardamom,13,13
22,53,cardamom,13,3
21,83,cardamom,6,6
25,70,cardamom,9,6
23,90,cardamom,25,9
22,74,cardamom,27,11
35,68,cardamom,25,4
35,67,cardamom,10,10
27,75,cardamom,14,2
20,70,cardamom,7,8
33,77,cardamom,23,8
26,65,cardamom,17,8
31,90,cardamom,11,16
21,64,cardamom,17,11
21,81,cardamom,29,12
21,59,cardamom,15,19
20,61,cardamom,22,17
35,84,cardamom,20,15
24,85,cardamom,8,15
25,55,cardamom,16,12
21,56,cardamom,6,12
22,67,cardamom,11,20
35,85,cardamom,15,3
31,82,cardamom,26,13
31,68,cardamom,17,5
31,84,cardamom,25,6
23,77,cardamom,6,6
34,88,cardamom,18,6
21,71,cardamom,20,10
27,87,clove,27,11
23,62,clove,6,7
26,77,clove,10,9
24,51,clove,22,13
35,71,clove,18,7
21,89,clove,24,20
31,79,clove,15,13
26,81,clove,19,7
35,76,clove,5,7
23,76,clove,27,9
29,55,clove,27,4
24,73,clove,6,20
29,82,clove,16,9
30,82,clove,14,4
28,63,clove,22,18
27,62,clove,11,15
30,55,clove,7,16
23,75,clove,30,3
24,54,clove,17,18
29,52,clove,15,8
32,58,clove,8,14
20,68,clove,7,9
34,75,clove,5,13
24,87,clove,9,14
33,74,clove,26,18
31,71,clove,9,15
22,62,clove,13,10
24,56,clove,6,16
26,62,clove,18,11
33,67,clove,28,17
28,76,cocoa,20,3
32,84,cocoa,27,5
24,61,cocoa,22,19
28,90,cocoa,27,9
32,83,cocoa,29,13
22,87,cocoa,7,14
29,85,cocoa,19,8
23,50,cocoa,20,14
20,54,cocoa,24,11
29,58,cocoa,25,17
22,51,cocoa,16,3
21,86,cocoa,20,15
35,89,cocoa,6,11
32,69,cocoa,22,15
30,73,cocoa,9,14
21,57,cocoa,7,6
32,79,cocoa,26,19
27,88,cocoa,15,6
21,73,cocoa,15,12
35,76,cocoa,10,19
26,90,cocoa,20,15
34,79,cocoa,8,3
30,76,cocoa,10,13
32,54,cocoa,15,2
33,56,cocoa,6,15
21,51,cocoa,21,6
34,86,cocoa,19,20
25,62,cocoa,10,16
28,83,cocoa,6,8
33,87,cocoa,26,3
28,73,coffee,13,19
20,65,coffee,25,6
29,72,coffee,11,12
35,80,coffee,27,12
29,77,coffee,9,11
25,81,coffee,5,9
33,86,coffee,29,9
21,80,coffee,6,20
29,62,coffee,25,17
35,50,coffee,12,2
25,89,coffee,5,13
29,80,coffee,23,3
21,82,coffee,8,7
30,76,coffee,8,16
35,59,coffee,28,16
26,83,coffee,16,19
28,88,coffee,10,16
23,53,coffee,12,12
27,70,coffee,14,7
21,53,coffee,23,17
21,65,coffee,29,2
22,69,coffee,8,7
32,52,coffee,19,18
35,82,coffee,17,8
24,89,coffee,11,17
26,88,coffee,8,2
31,62,coffee,27,2
22,90,coffee,28,16
32,66,coffee,21,20
26,85,coffee,26,5
30,55,coconut,5,9
28,51,coconut,19,2
31,77,coconut,20,16
29,55,coconut,13,2
24,88,coconut,15,15
34,61,coconut,13,17
34,73,coconut,11,17
25,89,coconut,8,8
35,69,coconut,16,4
23,76,coconut,10,11
30,79,coconut,28,13
28,82,coconut,17,14
34,65,coconut,9,11
26,79,coconut,9,5
35,69,coconut,13,19
26,83,coconut,15,8
33,69,coconut,28,16
33,55,coconut,13,11
23,60,coconut,17,11
28,82,coconut,27,16
28,79,coconut,7,16
23,85,coconut,30,18
33,88,coconut,16,5
31,52,coconut,19,3
29,56,coconut,5,13
22,79,coconut,16,5
29,66,coconut,18,20
29,65,coconut,22,13
30,81,coconut,29,14
29,54,coconut,17,14
32,86,ginger,15,10
21,52,ginger,20,12
21,69,ginger,11,9
22,86,ginger,10,14
33,67,ginger,24,9
24,51,ginger,12,5
35,68,ginger,29,14
27,64,ginger,17,18
22,75,ginger,19,12
30,81,ginger,24,2
26,79,ginger,18,5
23,75,ginger,24,18
25,59,ginger,30,8
28,65,ginger,11,12
30,67,ginger,9,17
24,66,ginger,27,20
34,84,ginger,8,8
22,54,ginger,8,15
35,70,ginger,9,14
33,84,ginger,21,15
25,83,ginger,19,6
35,52,ginger,18,11
25,79,ginger,16,19
29,79,ginger,28,16
35,80,ginger,27,20
33,69,ginger,21,9
31,54,ginger,29,8
26,64,ginger,16,8
27,74,ginger,10,13
26,61,ginger,6,20
23,83,nutmeg,22,18
35,58,nutmeg,19,14
20,77,nutmeg,11,3
26,69,nutmeg,6,7
25,89,nutmeg,26,20
29,86,nutmeg,10,8
28,72,nutmeg,11,17
21,83,nutmeg,15,15
29,73,nutmeg,17,2
22,80,nutmeg,22,16
23,87,nutmeg,11,9
34,61,nutmeg,9,3
29,74,nutmeg,14,20
22,53,nutmeg,9,7
30,83,nutmeg,10,10
24,56,nutmeg,18,8
29,78,nutmeg,10,8
23,55,nutmeg,26,13
26,64,nutmeg,24,12
32,73,nutmeg,29,4
25,77,nutmeg,21,15
20,87,nutmeg,20,18
32,83,nutmeg,8,12
20,81,nutmeg,18,18
27,80,nutmeg,22,9
24,82,nutmeg,29,16
35,55,nutmeg,6,18
33,70,nutmeg,30,5
21,67,nutmeg,14,5
31,79,nutmeg,8,10
21,87,rubber,22,13
26,78,rubber,12,15
20,73,rubber,24,8
29,64,rubber,20,11
31,71,rubber,13,12
30,85,rubber,19,13
20,80,rubber,11,7
20,78,rubber,13,9
26,90,rubber,12,11
29,69,rubber,26,13
34,79,rubber,7,19
23,81,rubber,10,18
26,74,rubber,13,19
23,58,rubber,25,20
28,71,rubber,23,7
27,51,rubber,25,8
30,60,rubber,17,19
25,63,rubber,17,10
23,69,rubber,11,20
34,74,rubber,15,2
22,90,rubber,19,12
20,71,rubber,26,4
23,77,rubber,21,18
29,52,rubber,18,13
30,66,rubber,26,2
34,76,rubber,15,6
33,78,rubber,8,18
29,59,rubber,21,6
24,81,rubber,7,3
22,57,rubber,26,3
21,76,tapioca,28,18
33,64,tapioca,30,14
34,57,tapioca,22,6
20,66,tapioca,14,14
30,69,tapioca,22,6
21,53,tapioca,29,18
35,86,tapioca,6,2
29,56,tapioca,10,6
35,64,tapioca,6,4
33,88,tapioca,13,15
21,60,tapioca,27,16
23,54,tapioca,11,12
31,68,tapioca,14,10
22,71,tapioca,8,9
30,56,tapioca,20,4
35,60,tapioca,21,10
22,78,tapioca,16,14
21,79,tapioca,25,3
29,58,tapioca,19,9
35,73,tapioca,8,8
29,83,tapioca,25,14
29,70,tapioca,9,14
22,62,tapioca,6,9
22,90,tapioca,25,10
33,61,tapioca,11,10
32,65,tapioca,30,10
31,68,tapioca,5,12
27,75,tapioca,29,13
29,76,tapioca,11,8
29,74,tapioca,13,6
29,58,turmeric,11,4
20,50,turmeric,15,20
21,84,turmeric,15,4
29,67,turmeric,14,5
32,87,turmeric,18,13
35,65,turmeric,11,19
24,67,turmeric,15,7
30,65,turmeric,25,16
33,74,turmeric,16,6
25,68,turmeric,24,9
24,60,turmeric,24,19
30,78,turmeric,25,7
26,83,turmeric,20,4
26,52,turmeric,24,8
24,77,turmeric,14,20
21,70,turmeric,22,3
34,64,turmeric,27,6
21,83,turmeric,27,14
28,64,turmeric,8,4
34,50,turmeric,20,3
24,53,turmeric,15,6
30,65,turmeric,14,19
24,86,turmeric,10,4
27,59,turmeric,10,17
32,51,turmeric,17,14
32,83,turmeric,29,14
33,71,turmeric,17,20
23,51,turmeric,5,17
31,58,turmeric,13,2
26,76,turmeric,14,4
28,65,banana,12,5
23,80,banana,26,2
24,81,banana,16,14
23,78,banana,5,20
34,88,banana,17,6
34,51,banana,12,18
20,53,banana,19,18
35,74,banana,16,11
35,55,banana,27,18
30,53,banana,27,10
23,52,banana,11,5
32,65,banana,7,3
24,60,banana,10,9
23,59,banana,24,11
25,79,banana,17,11
27,73,banana,9,11
21,70,banana,27,2
35,59,banana,6,9
24,90,banana,27,14
29,79,banana,7,14
35,50,banana,18,2
34,65,banana,11,3
21,85,banana,23,20
28,62,banana,14,19
30,66,banana,15,11
23,69,banana,29,13
26,53,banana,25,9
29,77,banana,5,8
33,65,banana,5,9
35,78,banana,5,14
32,55,jackfruit,12,13
35,55,jackfruit,26,18
24,67,jackfruit,12,10
22,83,jackfruit,17,6
35,80,jackfruit,15,17
34,63,jackfruit,16,12
27,83,jackfruit,16,14
26,69,jackfruit,13,6
30,64,jackfruit,17,15
33,56,jackfruit,26,20
24,90,jackfruit,6,6
25,82,jackfruit,5,13
27,72,jackfruit,5,10
30,90,jackfruit,17,10
28,81,jackfruit,21,6
23,76,jackfruit,8,10
30,53,jackfruit,8,16
23,85,jackfruit,29,14
33,65,jackfruit,15,16
21,84,jackfruit,9,8
31,68,jackfruit,5,6
25,67,jackfruit,11,16
34,53,jackfruit,9,17
32,59,jackfruit,29,14
30,69,jackfruit,12,4
24,76,jackfruit,12,7
27,85,jackfruit,18,5
22,62,jackfruit,14,9
28,74,jackfruit,16,12
26,52,jackfruit,20,10
22,88,mango,8,16
27,51,mango,11,15
32,73,mango,7,14
33,52,mango,29,11
22,62,mango,15,11
20,54,mango,12,17
20,50,mango,29,11
26,86,mango,13,17
27,83,mango,11,20
25,63,mango,18,11
31,78,mango,8,9
27,88,mango,29,19
32,51,mango,9,3
23,82,mango,18,5
34,72,mango,8,6
29,64,mango,22,19
24,85,mango,26,17
28,70,mango,27,17
21,56,mango,6,2
29,90,mango,20,5
20,86,mango,19,8
25,74,mango,30,13
24,68,mango,5,7
34,62,mango,10,19
31,89,mango,18,12
26,52,mango,8,4
31,51,mango,30,6
27,72,mango,15,14
21,75,mango,16,15
24,58,mango,29,17
34,65,pineapple,8,13
34,83,pineapple,20,3
22,82,pineapple,15,15
33,69,pineapple,25,5
35,69,pineapple,30,18
26,59,pineapple,18,17
33,81,pineapple,26,3
35,52,pineapple,26,14
29,72,pineapple,26,5
25,58,pineapple,24,7
28,85,pineapple,19,17
33,55,pineapple,11,14
20,61,pineapple,23,4
22,59,pineapple,16,12
25,76,pineapple,19,7
29,86,pineapple,5,2
26,60,pineapple,7,3
24,67,pineapple,5,20
33,64,pineapple,22,19
22,76,pineapple,14,5
26,70,pineapple,30,17
32,51,pineapple,13,19
33,53,pineapple,7,13
30,55,pineapple,16,5
34,50,pineapple,7,18
21,83,pineapple,24,19
35,59,pineapple,22,15
33,77,pineapple,8,9
34,75,pineapple,13,7
22,75,pineapple,17,8
20,56,basil,18,13
34,53,basil,14,15
34,41,basil,20,13
18,52,basil,3,11
23,78,basil,12,2
30,45,basil,17,10
34,53,basil,11,9
16,73,basil,10,15
37,44,basil,13,6
27,37,basil,10,4
32,59,basil,14,3
34,78,basil,20,15
35,74,basil,13,3
18,78,basil,8,10
38,41,basil,15,12
36,59,basil,17,7
23,37,basil,10,5
27,48,basil,9,3
19,57,basil,5,12
27,32,basil,15,7
26,35,basil,17,10
15,45,basil,12,3
26,41,basil,9,10
21,47,basil,5,4
24,50,basil,8,14
32,70,basil,16,8
30,41,basil,17,6
39,49,basil,17,9
39,64,basil,9,7
21,53,beetroot,14,7
25,62,beetroot,20,10
40,37,beetroot,9,13
29,61,beetroot,3,11
30,47,beetroot,3,6
35,53,beetroot,19,7
28,72,beetroot,8,9
38,47,beetroot,18,13
19,76,beetroot,16,9
31,69,beetroot,12,5
40,73,beetroot,19,6
22,34,beetroot,9,9
27,55,beetroot,6,13
32,43,beetroot,12,6
21,80,beetroot,17,4
30,79,beetroot,17,8
40,48,beetroot,7,6
21,76,beetroot,20,2
30,32,beetroot,19,7
40,46,beetroot,7,5
30,80,beetroot,17,11
31,65,beetroot,4,9
40,52,beetroot,9,5
39,79,beetroot,13,2
39,53,beetroot,5,5
25,79,beetroot,10,2
39,48,beetroot,7,14
27,32,beetroot,12,4
19,56,beetroot,17,2
31,45,black gram,12,5
36,76,black gram,14,2
39,31,black gram,9,12
15,64,black gram,14,4
16,74,black gram,4,13
15,67,black gram,20,13
27,63,black gram,9,5
40,68,black gram,18,9
26,60,black gram,3,7
24,33,black gram,6,9
19,37,black gram,11,9
26,60,black gram,18,12
31,33,black gram,6,8
18,77,black gram,7,4
36,31,black gram,16,7
33,41,black gram,16,5
19,66,black gram,20,4
28,67,black gram,6,2
15,73,black gram,4,6
22,68,black gram,8,2
19,75,black gram,19,10
40,33,black gram,4,3
35,71,black gram,8,7
39,48,black gram,3,11
32,43,black gram,16,7
35,65,black gram,16,11
20,61,black gram,12,5
21,44,black gram,12,7
39,79,black gram,15,4
24,47,blueberry,19,11
15,35,blueberry,16,8
34,75,blueberry,19,11
31,56,blueberry,5,3
23,69,blueberry,14,4
15,74,blueberry,7,5
36,78,blueberry,10,9
24,60,blueberry,10,5
17,72,blueberry,10,11
35,73,blueberry,19,11
22,32,blueberry,19,9
22,41,blueberry,12,5
24,64,blueberry,7,14
27,34,blueberry,12,5
26,31,blueberry,15,15
35,34,blueberry,6,7
16,71,blueberry,10,6
30,64,blueberry,5,3
15,40,blueberry,16,6
27,75,blueberry,13,11
26,68,blueberry,3,10
16,38,blueberry,18,15
32,59,blueberry,16,12
24,48,blueberry,16,4
22,76,blueberry,8,10
28,73,blueberry,5,10
22,63,blueberry,9,3
18,68,blueberry,19,8
33,33,blueberry,6,6
29,79,bottle gourd,17,9
24,66,bottle gourd,13,6
32,59,bottle gourd,19,10
28,80,bottle gourd,15,15
31,30,bottle gourd,16,11
35,74,bottle gourd,10,5
17,59,bottle gourd,10,11
18,78,bottle gourd,4,7
39,49,bottle gourd,13,7
30,31,bottle gourd,20,5
27,55,bottle gourd,14,11
40,36,bottle gourd,7,4
28,50,bottle gourd,7,13
32,48,bottle gourd,19,3
22,31,bottle gourd,3,4
24,46,bottle gourd,17,5
26,41,bottle gourd,16,14
37,61,bottle gourd,7,9
16,51,bottle gourd,5,8
30,32,bottle gourd,13,7
15,54,bottle gourd,20,11
16,73,bottle gourd,7,12
19,69,bottle gourd,9,14
25,72,bottle gourd,16,11
18,36,bottle gourd,6,10
30,61,bottle gourd,18,11
24,59,bottle gourd,16,5
28,40,bottle gourd,3,4
18,54,bottle gourd,10,3
25,63,buckwheat,19,7
31,45,buckwheat,9,13
31,74,buckwheat,14,7
21,43,buckwheat,10,7
40,59,buckwheat,15,8
24,61,buckwheat,18,10
16,42,buckwheat,15,5
16,65,buckwheat,8,12
38,66,buckwheat,17,2
37,56,buckwheat,15,14
35,37,buckwheat,12,11
34,56,buckwheat,3,14
37,40,buckwheat,3,10
20,79,buckwheat,17,10
19,44,buckwheat,19,14
22,76,buckwheat,8,2
40,35,buckwheat,19,8
26,40,buckwheat,7,11
38,53,buckwheat,11,3
39,30,buckwheat,12,6
26,53,buckwheat,18,7
15,60,buckwheat,15,2
22,64,buckwheat,12,11
39,65,buckwheat,17,8
24,79,buckwheat,10,10
39,80,buckwheat,14,3
22,65,buckwheat,17,10
25,76,buckwheat,6,15
36,78,buckwheat,8,4
29,47,cassava,20,10
26,54,cassava,15,6
31,30,cassava,7,15
21,56,cassava,16,11
26,42,cassava,18,5
22,33,cassava,4,15
20,72,cassava,14,9
32,58,cassava,18,6
37,77,cassava,3,10
23,63,cassava,10,10
17,67,cassava,12,2
30,59,cassava,3,5
19,35,cassava,13,5
25,74,cassava,20,7
21,72,cassava,18,15
26,64,cassava,7,9
21,71,cassava,20,14
37,75,cassava,3,12
32,44,cassava,4,3
28,63,cassava,15,13
40,70,cassava,8,9
30,47,cassava,3,2
31,79,cassava,3,5
37,42,cassava,20,15
23,61,cassava,16,8
21,78,cassava,19,3
17,54,cassava,12,5
33,74,cassava,5,2
31,48,cassava,9,12
27,78,celery,11,3
38,53,celery,13,14
18,62,celery,4,9
40,33,celery,19,11
17,39,celery,9,13
32,54,celery,12,9
23,41,celery,9,13
26,71,celery,17,4
20,80,celery,17,3
40,60,celery,3,8
29,61,celery,13,14
31,66,celery,14,9
16,38,celery,15,7
38,40,celery,5,12
37,52,celery,12,3
27,44,celery,9,7
31,66,celery,4,13
35,41,celery,10,7
36,54,celery,12,13
15,72,celery,3,3
40,51,celery,19,3
21,58,celery,9,9
28,50,celery,12,11
19,69,celery,9,10
38,43,celery,13,12
30,40,celery,9,8
23,78,celery,4,3
29,47,celery,17,13
40,36,celery,16,8
30,31,Kadala,7,4
33,66,Kadala,14,3
27,41,Kadala,19,3
28,73,Kadala,14,4
30,36,Kadala,17,7
39,36,Kadala,11,2
24,44,Kadala,4,7
20,42,Kadala,5,14
29,37,Kadala,20,3
32,69,Kadala,15,4
33,57,Kadala,7,4
18,50,Kadala,17,6
38,64,Kadala,4,5
29,76,Kadala,17,5
39,56,Kadala,4,13
28,38,Kadala,18,15
30,62,Kadala,10,10
24,41,Kadala,6,5
24,73,Kadala,16,7
29,35,Kadala,19,8
30,58,Kadala,20,6
21,53,Kadala,5,11
36,51,Kadala,4,9
25,60,Kadala,20,6
37,46,Kadala,14,11
22,37,Kadala,10,11
20,65,Kadala,14,2
30,67,Kadala,19,9
18,34,Kadala,17,10
31,58,Coriander,3,7
15,57,Coriander,11,6
23,55,Coriander,4,15
39,50,Coriander,10,2
24,70,Coriander,11,10
38,33,Coriander,17,15
20,62,Coriander,8,15
36,32,Coriander,17,8
33,62,Coriander,3,12
27,53,Coriander,6,4
37,59,Coriander,13,10
20,80,Coriander,4,5
15,46,Coriander,4,13
22,46,Coriander,13,13
36,47,Coriander,3,4
32,68,Coriander,12,4
19,41,Coriander,3,8
16,77,Coriander,16,6
18,79,Coriander,14,4
27,56,Coriander,13,11
24,80,Coriander,17,6
29,61,Coriander,16,3
32,74,Coriander,8,3
27,70,Coriander,11,6
34,48,Coriander,16,12
35,42,Coriander,7,2
17,41,Coriander,11,4
15,39,Coriander,5,5
28,66,Coriander,16,2
23,68,clover,8,14
34,57,clover,17,2
30,73,clover,17,15
17,74,clover,14,6
40,72,clover,10,5
18,50,clover,17,8
26,71,clover,8,7
15,52,clover,9,9
37,49,clover,19,13
23,56,clover,9,10
32,75,clover,14,15
34,63,clover,13,3
23,80,clover,8,3
28,80,clover,20,3
39,77,clover,18,14
28,38,clover,5,11
37,52,clover,8,15
32,48,clover,18,2
21,71,clover,6,12
15,65,clover,20,15
26,62,clover,7,6
37,69,clover,12,2
18,43,clover,13,2
25,41,clover,9,15
30,35,clover,14,6
38,78,clover,20,14
35,61,clover,14,2
32,69,clover,13,5
15,69,clover,11,4
21,47,cotton,12,15
34,60,cotton,4,5
28,66,cotton,17,10
21,53,cotton,20,7
23,43,cotton,13,13
18,37,cotton,7,8
26,37,cotton,12,2
31,68,cotton,13,6
37,48,cotton,3,13
38,72,cotton,9,2
22,32,cotton,5,15
40,45,cotton,20,11
28,74,cotton,19,5
24,73,cotton,5,4
22,80,cotton,8,2
15,38,cotton,11,11
22,68,cotton,9,6
27,78,cotton,6,14
15,56,cotton,16,10
28,46,cotton,10,14
21,80,cotton,18,3
18,36,cotton,11,8
20,40,cotton,5,3
16,33,cotton,6,11
23,66,cotton,12,8
21,72,cotton,7,4
21,34,cotton,13,8
39,68,cotton,15,3
25,73,cotton,8,13
25,55,dates,19,8
39,51,dates,4,13
40,35,dates,8,14
16,65,dates,18,6
23,38,dates,4,15
15,39,dates,20,5
33,65,dates,10,4
29,74,dates,10,11
22,52,dates,13,5
36,80,dates,17,12
33,48,dates,10,10
32,75,dates,3,2
30,62,dates,8,14
17,60,dates,14,7
20,54,dates,9,11
35,75,dates,18,8
17,41,dates,20,10
22,38,dates,14,4
25,67,dates,16,6
37,39,dates,7,12
25,56,dates,7,8
22,67,dates,5,10
24,73,dates,20,15
24,49,dates,14,6
22,80,dates,17,7
31,37,dates,3,6
21,59,dates,18,5
35,79,dates,6,5
23,73,dates,11,6
17,67,dragon fruit,17,7
34,46,dragon fruit,9,13
28,34,dragon fruit,3,14
33,33,dragon fruit,4,11
26,34,dragon fruit,6,5
31,35,dragon fruit,20,10
23,78,dragon fruit,18,5
21,39,dragon fruit,14,14
24,79,dragon fruit,5,6
15,37,dragon fruit,12,6
20,56,dragon fruit,8,4
36,58,dragon fruit,19,2
24,50,dragon fruit,19,14
19,77,dragon fruit,19,2
15,57,dragon fruit,6,10
31,46,dragon fruit,16,15
34,43,dragon fruit,3,4
22,59,dragon fruit,16,4
24,71,dragon fruit,16,3
36,48,dragon fruit,20,14
20,43,dragon fruit,15,12
16,61,dragon fruit,6,4
30,31,dragon fruit,7,10
15,40,dragon fruit,20,7
26,41,dragon fruit,13,3
26,60,dragon fruit,13,7
27,41,dragon fruit,17,3
37,39,dragon fruit,16,4
30,42,dragon fruit,11,4
24,48,eggplant,10,15
39,53,eggplant,19,6
23,77,eggplant,12,13
27,80,eggplant,15,8
33,45,eggplant,18,9
28,30,eggplant,3,4
31,63,eggplant,9,14
32,32,eggplant,16,12
24,72,eggplant,6,6
17,38,eggplant,16,13
38,52,eggplant,16,11
33,79,eggplant,18,6
26,58,eggplant,9,8
26,66,eggplant,5,7
26,69,eggplant,6,14
31,78,eggplant,3,3
40,62,eggplant,4,2
35,55,eggplant,10,4
39,80,eggplant,6,9
30,51,eggplant,9,7
36,80,eggplant,15,4
24,30,eggplant,15,14
18,73,eggplant,16,9
38,30,eggplant,15,3
35,75,eggplant,5,15
22,50,eggplant,15,2
22,30,eggplant,14,3
15,78,eggplant,5,12
24,41,eggplant,20,2
34,38,fig,3,12
22,49,fig,18,11
23,48,fig,12,6
36,42,fig,4,15
28,67,fig,8,10
21,68,fig,8,3
29,30,fig,6,3
22,51,fig,10,7
24,44,fig,20,12
18,73,fig,17,12
21,62,fig,14,3
29,34,fig,15,8
33,76,fig,3,10
22,33,fig,19,2
35,34,fig,3,5
37,56,fig,14,11
22,34,fig,14,13
25,48,fig,16,13
20,64,fig,3,9
37,50,fig,7,13
32,63,fig,18,2
23,51,fig,10,13
38,59,fig,16,12
18,45,fig,7,3
29,79,fig,15,2
26,30,fig,6,15
19,66,fig,19,10
36,66,fig,12,3
33,33,fig,4,11
24,35,flax,10,2
22,77,flax,17,9
38,56,flax,9,7
18,71,flax,7,11
40,37,flax,13,3
32,61,flax,18,15
31,70,flax,15,2
17,30,flax,20,10
25,69,flax,3,8
29,44,flax,6,14
24,54,flax,4,14
24,30,flax,6,12
38,36,flax,11,9
26,66,flax,8,9
40,68,flax,12,9
39,56,flax,12,11
37,67,flax,16,10
38,39,flax,4,6
18,60,flax,9,3
31,40,flax,14,6
33,44,flax,4,7
36,44,flax,18,5
17,43,flax,10,11
22,67,flax,14,12
38,68,flax,12,8
33,75,flax,10,2
16,63,flax,8,12
30,48,flax,17,2
37,44,flax,3,10
30,55,garlic,3,4
39,33,garlic,4,14
31,47,garlic,15,7
24,80,garlic,9,8
18,43,garlic,11,9
25,49,garlic,8,10
37,64,garlic,11,11
19,73,garlic,8,2
26,46,garlic,10,6
34,76,garlic,15,14
31,36,garlic,16,14
39,31,garlic,11,6
24,52,garlic,18,6
17,79,garlic,12,11
22,47,garlic,9,2
18,61,garlic,3,12
32,64,garlic,8,14
26,34,garlic,16,10
29,54,garlic,13,10
28,47,garlic,16,10
18,70,garlic,10,10
26,56,garlic,14,11
23,32,garlic,8,5
34,36,garlic,7,5
27,65,garlic,6,6
26,53,garlic,5,14
38,60,garlic,4,11
37,36,garlic,6,13
18,67,garlic,14,10
39,52,green gram,12,13
15,65,green gram,10,13
36,67,green gram,3,10
20,42,green gram,9,12
21,73,green gram,13,13
25,54,green gram,6,4
26,63,green gram,12,13
15,71,green gram,11,7
39,47,green gram,12,3
20,56,green gram,9,14
22,31,green gram,18,8
23,61,green gram,13,5
33,46,green gram,10,3
38,40,green gram,15,9
20,34,green gram,19,12
32,44,green gram,3,8
16,71,green gram,3,4
34,38,green gram,11,10
27,30,green gram,4,4
26,51,green gram,3,12
15,42,green gram,3,5
33,67,green gram,13,8
32,43,green gram,4,14
17,53,green gram,12,5
33,46,green gram,18,15
20,49,green gram,19,7
29,67,green gram,14,9
26,77,green gram,9,11
40,53,green gram,4,15
24,61,guava,13,10
29,59,guava,20,14
34,78,guava,10,12
28,76,guava,14,11
35,68,guava,9,7
32,63,guava,20,4
28,66,guava,6,3
19,68,guava,7,14
18,66,guava,8,4
39,33,guava,19,10
24,37,guava,12,11
34,62,guava,3,7
21,76,guava,18,5
19,48,guava,8,2
16,33,guava,20,2
25,30,guava,3,8
33,76,guava,16,8
24,65,guava,13,8
17,51,guava,19,12
40,62,guava,8,4
18,65,guava,7,3
32,74,guava,8,7
20,65,guava,13,8
19,69,guava,5,3
28,57,guava,4,13
30,50,guava,7,4
35,51,guava,17,13
19,52,guava,5,8
15,47,guava,20,13
30,45,jalapeno,9,5
26,56,jalapeno,20,11
28,71,jalapeno,16,6
29,69,jalapeno,14,8
40,50,jalapeno,19,5
22,53,jalapeno,19,15
17,49,jalapeno,16,10
37,63,jalapeno,18,2
23,34,jalapeno,19,12
23,63,jalapeno,5,15
32,32,jalapeno,6,9
19,53,jalapeno,16,12
15,80,jalapeno,13,6
38,68,jalapeno,14,4
27,33,jalapeno,14,7
27,65,jalapeno,15,10
20,63,jalapeno,18,10
34,43,jalapeno,18,9
30,45,jalapeno,16,7
30,66,jalapeno,19,7
16,34,jalapeno,14,6
29,69,jalapeno,12,3
30,30,jalapeno,8,14
32,57,jalapeno,18,11
37,39,jalapeno,6,14
31,47,jalapeno,3,12
32,51,jalapeno,9,9
20,40,jalapeno,6,2
19,39,jalapeno,9,2
17,57,jute,13,15
24,48,jute,9,9
17,64,jute,16,4
31,57,jute,10,4
36,35,jute,14,8
28,50,jute,10,13
17,46,jute,14,12
40,39,jute,17,2
16,54,jute,4,2
18,72,jute,6,14
28,66,jute,16,7
17,32,jute,17,2
34,77,jute,19,6
33,35,jute,15,4
39,77,jute,7,4
32,60,jute,8,7
35,47,jute,15,8
18,77,jute,18,7
28,51,jute,5,5
34,36,jute,11,14
40,78,jute,8,7
31,37,jute,14,7
33,63,jute,3,7
28,68,jute,16,13
25,50,jute,16,10
17,43,jute,8,6
31,69,jute,8,7
31,39,jute,3,3
27,68,jute,11,3
20,70,kidney bean,7,2
20,38,kidney bean,10,10
22,54,kidney bean,14,13
22,39,kidney bean,16,13
27,56,kidney bean,13,14
37,51,kidney bean,18,14
30,42,kidney bean,6,13
36,50,kidney bean,12,6
19,31,kidney bean,10,9
20,60,kidney bean,19,9
38,31,kidney bean,6,3
23,32,kidney bean,11,13
28,57,kidney bean,3,12
18,52,kidney bean,13,14
36,68,kidney bean,10,4
32,64,kidney bean,5,9
17,65,kidney bean,7,15
27,37,kidney bean,10,5
29,50,kidney bean,6,13
31,31,kidney bean,6,3
30,35,kidney bean,4,15
37,43,kidney bean,7,9
18,46,kidney bean,16,11
31,66,kidney bean,19,9
28,80,kidney bean,9,9
30,79,kidney bean,13,7
32,60,kidney bean,8,12
22,34,kidney bean,10,11
31,46,kidney bean,20,15
21,61,kiwi,18,13
20,59,kiwi,18,5
18,54,kiwi,17,13
23,43,kiwi,8,4
22,66,kiwi,6,9
31,43,kiwi,18,5
25,62,kiwi,8,6
21,72,kiwi,10,12
15,80,kiwi,19,3
23,68,kiwi,18,5
34,42,kiwi,3,6
26,76,kiwi,13,2
23,54,kiwi,10,15
26,62,kiwi,15,10
22,75,kiwi,3,10
17,49,kiwi,14,7
38,47,kiwi,9,6
40,62,kiwi,13,13
39,77,kiwi,10,2
18,72,kiwi,19,3
36,58,kiwi,16,8
20,50,kiwi,14,11
31,52,kiwi,11,15
32,75,kiwi,7,3
17,44,kiwi,3,15
20,64,kiwi,13,11
37,59,kiwi,11,13
28,79,kiwi,5,14
34,32,kiwi,6,7
30,65,leek,4,7
37,75,leek,15,4
28,51,leek,14,4
16,44,leek,12,5
32,63,leek,18,4
25,75,leek,6,5
18,35,leek,20,9
36,31,leek,9,11
30,65,leek,8,4
39,30,leek,10,4
30,53,leek,12,13
31,57,leek,3,5
24,43,leek,6,13
39,61,leek,10,2
27,44,leek,3,12
39,60,leek,14,11
29,54,leek,5,13
19,52,leek,11,4
17,62,leek,13,4
36,38,leek,7,2
30,76,leek,10,9
15,66,leek,13,2
38,34,leek,20,7
26,74,leek,16,11
33,53,leek,7,4
36,65,leek,7,2
26,49,leek,16,10
35,46,leek,14,3
27,79,leek,9,15
32,35,lemongrass,10,8
25,37,lemongrass,18,11
22,30,lemongrass,6,11
32,77,lemongrass,7,5
21,33,lemongrass,18,14
20,46,lemongrass,16,12
24,71,lemongrass,3,11
21,59,lemongrass,8,2
35,45,lemongrass,8,12
32,40,lemongrass,13,11
34,66,lemongrass,9,8
20,33,lemongrass,6,11
36,46,lemongrass,13,9
28,67,lemongrass,20,15
27,50,lemongrass,3,4
28,58,lemongrass,8,9
33,52,lemongrass,12,2
21,54,lemongrass,19,15
22,79,lemongrass,13,9
24,69,lemongrass,18,13
26,61,lemongrass,17,9
30,42,lemongrass,15,6
35,80,lemongrass,5,14
22,64,lemongrass,6,15
23,58,lemongrass,13,12
30,74,lemongrass,6,9
36,57,lemongrass,17,3
32,33,lemongrass,20,11
15,42,lemongrass,14,2
20,34,lettuce,13,8
16,30,lettuce,7,11
40,30,lettuce,13,7
24,30,lettuce,16,4
29,43,lettuce,8,14
20,66,lettuce,15,10
23,56,lettuce,4,15
37,75,lettuce,19,10
39,53,lettuce,5,3
21,47,lettuce,12,6
38,75,lettuce,4,8
19,67,lettuce,3,3
36,74,lettuce,9,14
25,63,lettuce,12,15
40,36,lettuce,18,9
21,80,lettuce,8,7
30,58,lettuce,12,5
21,56,lettuce,7,10
37,33,lettuce,14,7
29,35,lettuce,3,6
17,50,lettuce,15,11
16,80,lettuce,5,2
39,75,lettuce,19,15
30,78,lettuce,10,12
33,39,lettuce,11,2
31,53,lettuce,10,11
30,42,lettuce,11,15
27,53,lettuce,20,13
40,60,lettuce,18,9
20,58,millet,3,14
38,54,millet,13,12
19,42,millet,19,3
23,63,millet,9,3
25,62,millet,3,11
36,46,millet,13,13
40,56,millet,16,8
21,56,millet,17,14
28,55,millet,10,7
29,65,millet,11,11
15,35,millet,18,11
16,67,millet,20,15
33,43,millet,18,4
36,59,millet,12,14
16,74,millet,5,7
36,33,millet,19,8
28,78,millet,11,2
21,54,millet,18,13
30,35,millet,14,13
17,56,millet,5,5
22,44,millet,14,9
27,75,millet,17,14
35,53,millet,8,13
25,33,millet,5,6
40,80,millet,17,10
36,80,millet,10,11
26,34,millet,13,14
18,62,millet,10,10
17,57,millet,7,10
16,77,mint,16,9
35,35,mint,20,13
23,65,mint,14,5
40,70,mint,6,15
21,55,mint,4,6
20,41,mint,3,5
40,58,mint,8,8
36,33,mint,9,13
40,45,mint,4,12
31,61,mint,18,13
15,54,mint,15,14
39,70,mint,13,3
28,80,mint,14,13
21,40,mint,15,13
35,70,mint,17,8
36,65,mint,6,2
33,68,mint,14,4
33,70,mint,8,12
25,68,mint,12,11
39,75,mint,14,8
34,33,mint,10,10
19,42,mint,4,14
40,62,mint,17,9
29,45,mint,4,13
34,46,mint,20,5
32,30,mint,11,10
16,72,mint,5,13
26,80,mint,14,9
34,43,mint,16,12
32,48,mustard,14,15
40,49,mustard,5,4
35,71,mustard,4,13
31,43,mustard,11,8
20,76,mustard,14,14
33,77,mustard,11,15
39,67,mustard,8,5
20,76,mustard,14,11
32,78,mustard,18,14
33,67,mustard,15,4
21,54,mustard,17,2
35,31,mustard,18,13
21,58,mustard,16,3
20,35,mustard,3,13
30,73,mustard,16,11
28,56,mustard,20,5
28,46,mustard,20,3
28,58,mustard,15,6
38,42,mustard,9,4
38,54,mustard,20,6
27,45,mustard,3,7
24,59,mustard,16,7
38,61,mustard,15,11
27,35,mustard,15,9
21,58,mustard,18,7
29,68,mustard,20,14
34,73,mustard,12,3
33,39,mustard,18,11
24,30,mustard,10,12
23,34,okra,20,8
20,64,okra,12,3
27,42,okra,16,13
37,64,okra,19,8
30,77,okra,8,6
29,40,okra,16,8
34,53,okra,12,3
33,57,okra,16,3
32,32,okra,7,14
16,63,okra,17,2
36,36,okra,9,6
36,57,okra,11,11
35,31,okra,3,12
24,51,okra,7,11
39,67,okra,10,7
29,53,okra,18,5
20,65,okra,20,4
26,40,okra,7,8
29,33,okra,12,3
19,72,okra,8,10
39,76,okra,5,9
19,51,okra,8,7
39,80,okra,20,9
24,54,okra,11,11
27,59,okra,14,11
34,55,okra,16,9
37,43,okra,13,6
30,53,okra,18,12
39,37,okra,11,6
23,40,olive,15,12
34,36,olive,9,14
34,70,olive,9,4
36,45,olive,11,4
38,58,olive,11,14
15,58,olive,9,8
22,43,olive,11,11
21,48,olive,18,11
16,53,olive,16,9
21,75,olive,5,12
38,34,olive,18,8
26,47,olive,19,14
19,34,olive,12,8
34,40,olive,6,10
25,52,olive,5,14
16,42,olive,5,12
23,54,olive,9,9
19,52,olive,11,9
22,42,olive,11,10
30,67,olive,19,7
17,47,olive,17,11
38,30,olive,11,3
34,53,olive,4,7
34,76,olive,4,3
31,33,olive,14,12
30,39,olive,19,8
35,44,olive,10,11
36,32,olive,8,7
30,65,olive,6,15
36,59,parsley,9,15
40,62,parsley,19,9
16,30,parsley,3,12
20,57,parsley,19,9
37,56,parsley,5,13
18,30,parsley,11,14
37,51,parsley,8,6
20,45,parsley,20,13
23,59,parsley,12,8
17,50,parsley,6,9
16,67,parsley,9,12
38,57,parsley,12,7
23,72,parsley,9,11
23,46,parsley,11,12
39,67,parsley,18,4
17,48,parsley,8,9
19,44,parsley,4,8
23,56,parsley,10,10
39,38,parsley,5,4
15,76,parsley,14,10
40,60,parsley,9,15
29,40,parsley,12,2
37,75,parsley,18,15
27,50,parsley,11,9
27,52,parsley,12,6
30,31,parsley,14,13
40,71,parsley,4,4
21,30,parsley,11,6
18,58,parsley,17,11
21,32,pea,17,6
24,41,pea,20,6
38,74,pea,7,9
34,66,pea,19,5
19,44,pea,9,2
36,43,pea,11,5
21,72,pea,10,8
20,65,pea,13,8
22,33,pea,11,5
37,31,pea,4,5
22,45,pea,6,4
18,79,pea,17,9
37,69,pea,9,7
25,66,pea,8,14
24,72,pea,4,13
28,59,pea,20,9
28,55,pea,12,2
17,59,pea,3,15
35,79,pea,19,7
15,68,pea,6,3
21,43,pea,6,14
15,44,pea,5,11
22,54,pea,20,6
17,46,pea,9,13
19,72,pea,8,9
22,53,pea,14,14
23,41,pea,8,2
19,31,pea,20,7
29,72,pea,17,8
17,42,peanut,14,9
22,31,peanut,20,5
23,34,peanut,8,2
21,48,peanut,8,8
36,60,peanut,9,9
30,40,peanut,13,8
38,73,peanut,3,3
21,64,peanut,4,3
35,75,peanut,12,5
19,58,peanut,16,10
30,54,peanut,16,11
22,35,peanut,12,7
15,78,peanut,8,11
30,76,peanut,20,9
39,57,peanut,4,8
33,77,peanut,20,4
15,69,peanut,20,10
33,30,peanut,10,10
26,70,peanut,9,5
37,59,peanut,15,15
34,60,peanut,14,4
26,56,peanut,4,11
32,31,peanut,16,11
32,48,peanut,11,5
25,38,peanut,18,2
25,54,peanut,8,7
17,62,peanut,15,7
29,75,peanut,12,13
22,48,peanut,13,4
29,70,pistachio,12,8
31,67,pistachio,5,15
34,50,pistachio,14,4
22,54,pistachio,14,4
40,80,pistachio,10,6
30,77,pistachio,13,12
33,75,pistachio,11,13
37,80,pistachio,12,14
40,45,pistachio,4,11
21,64,pistachio,17,4
17,31,pistachio,19,6
26,47,pistachio,20,8
25,64,pistachio,19,12
40,72,pistachio,16,11
20,49,pistachio,16,13
20,68,pistachio,11,9
21,75,pistachio,13,7
21,51,pistachio,8,5
18,73,pistachio,8,8
15,75,pistachio,13,3
32,58,pistachio,18,3
40,44,pistachio,7,15
40,41,pistachio,18,12
37,73,pistachio,16,14
38,57,pistachio,7,4
30,71,pistachio,7,12
32,77,pistachio,18,3
18,40,pistachio,18,2
29,58,pistachio,12,6
17,60,quinoa,15,5
38,31,quinoa,4,12
38,44,quinoa,3,9
28,57,quinoa,10,14
20,46,quinoa,20,10
37,58,quinoa,18,9
16,58,quinoa,11,14
40,77,quinoa,11,2
28,77,quinoa,8,13
30,66,quinoa,9,3
29,63,quinoa,3,13
27,62,quinoa,18,5
33,46,quinoa,7,2
18,43,quinoa,7,4
15,47,quinoa,13,4
22,57,quinoa,15,4
21,31,quinoa,15,6
19,61,quinoa,11,11
22,39,quinoa,20,7
22,45,quinoa,10,10
15,53,quinoa,14,10
39,74,quinoa,11,12
26,80,quinoa,8,10
21,78,quinoa,12,7
40,44,quinoa,15,14
39,54,quinoa,20,7
31,79,quinoa,14,13
25,50,quinoa,17,9
25,71,quinoa,11,6
27,73,radish,12,2
37,76,radish,17,14
37,41,radish,11,7
27,75,radish,19,14
38,47,radish,19,14
39,40,radish,8,5
18,75,radish,18,14
21,32,radish,14,8
22,37,radish,20,8
16,56,radish,6,12
37,80,radish,4,14
34,48,radish,14,14
16,42,radish,15,9
37,37,radish,4,7
15,47,radish,9,8
29,56,radish,6,7
38,47,radish,8,6
24,35,radish,10,4
31,49,radish,9,7
20,76,radish,7,9
39,55,radish,12,2
31,69,radish,14,11
33,75,radish,10,6
18,60,radish,17,6
28,37,radish,4,8
23,50,radish,4,4
21,32,radish,10,14
37,71,radish,9,6
39,30,radish,16,11
32,34,raspberry,4,8
35,55,raspberry,18,10
29,58,raspberry,20,6
37,40,raspberry,15,4
29,63,raspberry,19,14
25,45,raspberry,17,12
26,73,raspberry,12,11
19,66,raspberry,19,13
38,60,raspberry,6,12
29,40,raspberry,4,4
26,61,raspberry,20,6
18,69,raspberry,10,9
21,42,raspberry,5,9
37,48,raspberry,7,4
18,58,raspberry,6,8
21,50,raspberry,5,15
25,38,raspberry,6,6
36,66,raspberry,10,12
35,61,raspberry,14,15
17,46,raspberry,6,15
29,40,raspberry,11,11
15,75,raspberry,20,11
40,59,raspberry,11,15
40,74,raspberry,15,13
19,64,raspberry,4,5
24,32,raspberry,15,4
15,34,raspberry,13,3
16,36,raspberry,13,14
18,38,raspberry,17,5
15,72,red gram,13,12
23,76,red gram,17,8
19,59,red gram,11,5
39,37,red gram,15,8
18,75,red gram,3,6
26,66,red gram,15,5
28,47,red gram,6,11
21,72,red gram,13,7
20,62,red gram,7,11
16,37,red gram,6,14
25,62,red gram,9,2
22,48,red gram,12,10
27,61,red gram,3,13
16,34,red gram,15,7
38,75,red gram,7,9
19,51,red gram,4,6
25,63,red gram,6,4
20,54,red gram,15,8
19,70,red gram,17,10
39,38,red gram,16,12
24,54,red gram,7,10
20,55,red gram,8,3
32,34,red gram,6,4
37,33,red gram,4,10
34,37,red gram,19,9
40,47,red gram,10,9
29,54,red gram,20,10
16,41,red gram,8,10
36,43,red gram,16,15
34,73,rose apple,4,7
20,80,rose apple,13,12
16,71,rose apple,8,11
29,65,rose apple,5,11
28,34,rose apple,11,3
15,69,rose apple,16,5
19,46,rose apple,7,9
39,66,rose apple,20,9
27,72,rose apple,11,2
18,35,rose apple,8,4
22,49,rose apple,16,13
15,67,rose apple,20,13
15,66,rose apple,14,12
31,57,rose apple,17,2
28,70,rose apple,20,5
33,44,rose apple,6,9
36,75,rose apple,14,14
29,64,rose apple,18,5
24,64,rose apple,20,5
32,30,rose apple,4,13
39,73,rose apple,18,15
19,65,rose apple,7,6
26,67,rose apple,12,10
25,30,rose apple,11,2
25,45,rose apple,19,4
37,43,rose apple,8,4
34,51,rose apple,17,6
26,38,rose apple,14,6
20,51,rose apple,15,11
16,56,saffron,12,14
17,61,saffron,10,3
18,55,saffron,11,10
17,54,saffron,19,5
33,64,saffron,13,10
23,35,saffron,12,6
29,51,saffron,3,2
35,78,saffron,12,9
26,71,saffron,17,13
22,41,saffron,9,11
27,65,saffron,19,15
22,39,saffron,13,8
28,38,saffron,18,14
17,64,saffron,15,3
31,51,saffron,15,14
22,72,saffron,7,2
27,67,saffron,7,6
28,66,saffron,10,15
28,80,saffron,4,8
17,40,saffron,4,5
32,50,saffron,19,11
29,57,saffron,17,14
19,74,saffron,15,9
36,78,saffron,20,4
20,51,saffron,6,10
17,36,saffron,19,12
16,35,saffron,8,9
27,60,saffron,8,4
29,48,saffron,4,5
24,55,soybean,13,9
20,66,soybean,3,13
35,34,soybean,15,2
40,56,soybean,14,5
19,65,soybean,5,4
37,50,soybean,10,3
29,30,soybean,20,6
24,64,soybean,4,5
15,62,soybean,19,10
34,58,soybean,13,6
24,46,soybean,11,5
38,67,soybean,20,6
30,33,soybean,20,9
37,51,soybean,13,2
16,41,soybean,9,7
37,80,soybean,8,14
36,68,soybean,3,3
25,44,soybean,19,6
29,44,soybean,20,9
24,39,soybean,15,15
27,66,soybean,16,7
18,32,soybean,10,6
16,46,soybean,7,9
40,48,soybean,14,11
26,77,soybean,18,14
39,70,soybean,15,7
18,61,soybean,3,11
25,52,soybean,3,6
36,65,soybean,5,7
39,80,sugarcane,20,4
30,38,sugarcane,16,9
31,31,sugarcane,17,14
38,53,sugarcane,15,2
26,71,sugarcane,19,2
35,37,sugarcane,9,9
31,52,sugarcane,7,8
19,57,sugarcane,16,13
19,74,sugarcane,7,9
30,69,sugarcane,5,13
33,36,sugarcane,15,2
37,62,sugarcane,9,12
27,64,sugarcane,14,9
20,34,sugarcane,16,4
19,40,sugarcane,16,10
20,70,sugarcane,7,15
24,55,sugarcane,18,5
31,36,sugarcane,19,4
25,70,sugarcane,10,10
40,52,sugarcane,5,9
27,66,sugarcane,15,13
22,35,sugarcane,11,10
37,74,sugarcane,14,9
30,54,sugarcane,3,8
23,68,sugarcane,15,4
35,37,sugarcane,9,7
35,65,sugarcane,11,6
25,73,sugarcane,8,10
40,68,sugarcane,6,10
24,80,sweet potato,19,3
21,53,sweet potato,8,13
38,36,sweet potato,14,12
36,43,sweet potato,4,13
15,48,sweet potato,15,7
24,57,sweet potato,18,5
21,53,sweet potato,6,11
29,37,sweet potato,7,9
18,58,sweet potato,15,9
27,41,sweet potato,17,2
18,45,sweet potato,3,7
19,40,sweet potato,14,9
20,79,sweet potato,16,8
37,51,sweet potato,6,7
32,36,sweet potato,19,14
28,68,sweet potato,9,9
30,45,sweet potato,20,11
34,64,sweet potato,15,5
32,76,sweet potato,5,6
20,64,sweet potato,7,9
37,54,sweet potato,6,3
38,72,sweet potato,12,15
29,32,sweet potato,10,13
17,34,sweet potato,13,3
22,77,sweet potato,12,11
22,31,sweet potato,20,4
17,51,sweet potato,15,13
20,37,sweet potato,10,9
38,41,sweet potato,14,10
39,38,tea,3,3
24,69,tea,5,7
16,62,tea,9,4
37,36,tea,9,8
17,33,tea,5,4
39,49,tea,3,6
29,60,tea,7,13
21,54,tea,4,10
32,41,tea,16,7
25,44,tea,6,6
16,58,tea,3,13
20,35,tea,18,13
31,56,tea,6,10
31,52,tea,20,4
20,78,tea,11,9
38,70,tea,12,9
15,61,tea,18,4
36,48,tea,20,4
23,30,tea,14,8
25,39,tea,19,10
34,76,tea,15,12
39,55,tea,18,6
39,49,tea,7,5
21,64,tea,3,12
17,59,tea,12,10
23,54,tea,18,13
35,67,tea,18,9
39,42,tea,13,13
23,42,tea,12,10
28,45,turnip,3,13
32,53,turnip,13,3
27,55,turnip,15,10
21,51,turnip,18,4
34,45,turnip,15,14
39,71,turnip,13,11
19,30,turnip,16,2
39,72,turnip,12,4
38,38,turnip,11,8
24,63,turnip,13,9
19,52,turnip,17,4
21,71,turnip,6,3
19,61,turnip,14,13
37,30,turnip,14,4
17,60,turnip,14,13
27,72,turnip,6,5
25,50,turnip,13,8
16,43,turnip,17,13
33,37,turnip,8,10
32,67,turnip,15,15
40,51,turnip,11,9
17,62,turnip,15,6
29,50,turnip,8,11
18,33,turnip,3,5
15,79,turnip,14,12
33,37,turnip,9,11
32,71,turnip,15,7
20,73,turnip,17,10
24,44,turnip,9,3
24,46,vanilla,19,7
30,56,vanilla,6,11
32,43,vanilla,13,8
17,43,vanilla,11,2
26,77,vanilla,10,12
19,48,vanilla,12,6
19,76,vanilla,6,7
34,77,vanilla,10,13
26,65,vanilla,18,6
38,57,vanilla,6,5
24,79,vanilla,5,14
19,54,vanilla,10,13
17,42,vanilla,4,15
30,68,vanilla,9,2
40,59,vanilla,5,15
31,47,vanilla,17,2
32,75,vanilla,17,8
17,48,vanilla,7,11
21,75,vanilla,3,9
21,72,vanilla,11,8
30,39,vanilla,10,7
16,56,vanilla,12,10
35,57,vanilla,20,14
31,56,vanilla,12,11
22,58,vanilla,10,13
25,71,vanilla,5,15
19,77,vanilla,9,2
21,44,vanilla,20,9
17,48,vanilla,6,3
30,45,walnut,7,11
26,43,walnut,20,9
19,61,walnut,13,7
33,59,walnut,14,12
38,76,walnut,15,3
34,34,walnut,8,13
35,54,walnut,7,8
32,58,walnut,8,4
26,33,walnut,11,5
17,73,walnut,15,15
18,38,walnut,6,4
36,61,walnut,10,15
40,57,walnut,3,15
21,54,walnut,13,8
22,67,walnut,9,8
24,47,walnut,12,14
33,55,walnut,20,15
18,70,walnut,3,4
29,59,walnut,18,6
15,63,walnut,10,15
23,65,walnut,14,2
18,69,walnut,19,9
35,31,walnut,4,4
33,50,walnut,4,3
32,64,walnut,8,8
15,64,walnut,20,9
39,49,walnut,20,2
28,73,walnut,4,15
38,73,walnut,3,2
37,49,yam,17,6
38,75,yam,9,13
19,44,yam,18,2
25,43,yam,3,13
31,66,yam,12,11
39,60,yam,6,13
33,74,yam,16,14
21,50,yam,16,12
24,70,yam,15,2
31,65,yam,13,15
40,69,yam,5,8
18,68,yam,20,5
15,76,yam,19,14
15,71,yam,19,6
24,52,yam,18,14
35,52,yam,16,4
24,75,yam,10,13
36,34,yam,17,10
18,49,yam,17,7
23,52,yam,13,3
38,78,yam,20,14
21,43,yam,7,12
25,43,yam,19,11
21,74,yam,6,9
18,49,yam,17,7
32,36,yam,5,12
20,66,yam,19,9
38,78,yam,14,15
27,79,yam,19,6
